<annotation>
	<folder>image-annotation-first-project</folder>
	<filename>peoples.jpg</filename>
	<path>/image-annotation-first-project/peoples.jpg</path>
	<source>
		<database>Unspecified</database>
	</source>
	<size>
		<width>612</width>
		<height>344</height>
		<depth>3</depth>
	</size>
	<object>
		<name>People</name>
		<pose>Unspecified</pose>
		<truncated>0</truncated>
		<difficult>0</difficult>
		<bndbox>
			<xmin>513</xmin>
			<ymin>83</ymin>
			<xmax>609</xmax>
			<ymax>302</ymax>
		</bndbox>
	</object>
	<object>
		<name>People</name>
		<pose>Unspecified</pose>
		<truncated>0</truncated>
		<difficult>0</difficult>
		<bndbox>
			<xmin>6</xmin>
			<ymin>2</ymin>
			<xmax>69</xmax>
			<ymax>162</ymax>
		</bndbox>
	</object>
	<object>
		<name>People</name>
		<pose>Unspecified</pose>
		<truncated>0</truncated>
		<difficult>0</difficult>
		<bndbox>
			<xmin>196</xmin>
			<ymin>46</ymin>
			<xmax>262</xmax>
			<ymax>224</ymax>
		</bndbox>
	</object>
	<object>
		<name>People</name>
		<pose>Unspecified</pose>
		<truncated>0</truncated>
		<difficult>0</difficult>
		<bndbox>
			<xmin>233</xmin>
			<ymin>98</ymin>
			<xmax>307</xmax>
			<ymax>301</ymax>
		</bndbox>
	</object>
	<object>
		<name>People</name>
		<pose>Unspecified</pose>
		<truncated>0</truncated>
		<difficult>0</difficult>
		<bndbox>
			<xmin>305</xmin>
			<ymin>114</ymin>
			<xmax>383</xmax>
			<ymax>320</ymax>
		</bndbox>
	</object>
	<object>
		<name>People</name>
		<pose>Unspecified</pose>
		<truncated>0</truncated>
		<difficult>0</difficult>
		<bndbox>
			<xmin>386</xmin>
			<ymin>6</ymin>
			<xmax>493</xmax>
			<ymax>334</ymax>
		</bndbox>
	</object>
	<object>
		<name>People</name>
		<pose>Unspecified</pose>
		<truncated>0</truncated>
		<difficult>0</difficult>
		<bndbox>
			<xmin>418</xmin>
			<ymin>89</ymin>
			<xmax>491</xmax>
			<ymax>265</ymax>
		</bndbox>
	</object>
	<object>
		<name>People</name>
		<pose>Unspecified</pose>
		<truncated>0</truncated>
		<difficult>0</difficult>
		<bndbox>
			<xmin>123</xmin>
			<ymin>139</ymin>
			<xmax>216</xmax>
			<ymax>344</ymax>
		</bndbox>
	</object>
	<object>
		<name>People</name>
		<pose>Unspecified</pose>
		<truncated>0</truncated>
		<difficult>0</difficult>
		<bndbox>
			<xmin>44</xmin>
			<ymin>172</ymin>
			<xmax>112</xmax>
			<ymax>344</ymax>
		</bndbox>
	</object>
	<object>
		<name>People</name>
		<pose>Unspecified</pose>
		<truncated>0</truncated>
		<difficult>0</difficult>
		<bndbox>
			<xmin>41</xmin>
			<ymin>117</ymin>
			<xmax>96</xmax>
			<ymax>296</ymax>
		</bndbox>
	</object>







</annotation>