<annotation>
	<folder>image-annotation-first-project</folder>
	<filename>screenshot-2023-10-18-at-17-10-54.png</filename>
	<path>/image-annotation-first-project/screenshot-2023-10-18-at-17-10-54.png</path>
	<source>
		<database>Unspecified</database>
	</source>
	<size>
		<width>1051</width>
		<height>702</height>
		<depth>3</depth>
	</size>




	<object>
		<name>People</name>
		<pose>Unspecified</pose>
		<truncated>0</truncated>
		<difficult>0</difficult>
		<bndbox>
			<xmin>872</xmin>
			<ymin>446</ymin>
			<xmax>1051</xmax>
			<ymax>620</ymax>
		</bndbox>
	</object>
</annotation>